{"cameraMode":{"drawMode":0,"name":"Shaded","section":"Shading Mode"},"sceneLighting":false,"audioPlay":false,"sceneViewState":{"m_AlwaysRefresh":false,"showFog":true,"showSkybox":false,"showFlares":true,"showImageEffects":true,"showParticleSystems":true,"showVisualEffectGraphs":true,"m_FxEnabled":true},"in2DMode":false,"pivot":{"x":3.450000047683716,"y":0.7750000357627869,"z":0.6940000057220459},"rotation":{"x":0.05849306285381317,"y":0.9398829936981201,"z":-0.264679491519928,"w":0.20771029591560365},"size":0.23584946990013123,"orthographic":false}